Timestamp,TrafficCount
20/01/20 0:00,487
20/01/20 0:30,385
20/01/20 1:30,269
20/01/20 2:30,517
20/01/20 3:30,129
20/01/20 4:30,278
20/01/20 5:30,435
20/01/20 6:30,277
20/01/20 7:30,1082
20/01/20 8:30,3432
20/01/20 9:30,7446
20/01/20 10:30,10434
20/01/20 11:30,11825
20/01/20 12:30,8564
20/01/20 13:30,11594
20/01/20 14:30,10035
20/01/20 15:30,7657
20/01/20 16:30,6183
20/01/20 17:30,4876
20/01/20 18:30,4049
20/01/20 19:30,2338
20/01/20 20:30,1160
20/01/20 21:30,1398
20/01/20 22:30,633
20/01/20 23:30,263
21/01/20 0:30,261
21/01/20 1:30,256
21/01/20 2:30,281
21/01/20 3:30,338
21/01/20 4:30,263
21/01/20 5:30,617
21/01/20 6:30,557
21/01/20 7:30,2673
21/01/20 8:30,8002
21/01/20 9:30,16128
21/01/20 10:30,24905
21/01/20 11:30,34959
21/01/20 12:30,28782
21/01/20 13:30,30171
21/01/20 14:30,27725
21/01/20 15:30,24082
21/01/20 16:30,19487
21/01/20 17:30,16054
21/01/20 18:30,12194
21/01/20 19:30,9077
21/01/20 20:30,4919
21/01/20 21:30,3826
21/01/20 22:30,1087
21/01/20 23:30,877
22/01/20 0:30,381
22/01/20 1:30,209
22/01/20 2:30,196
22/01/20 3:30,365
22/01/20 4:30,300
22/01/20 5:30,278
22/01/20 6:30,824
22/01/20 7:30,3164
22/01/20 8:30,7674
22/01/20 9:30,16821
22/01/20 10:30,38016
22/01/20 11:30,52405
22/01/20 12:30,42522
22/01/20 13:30,47863
22/01/20 14:30,56875
22/01/20 15:30,55951
22/01/20 16:30,44857
22/01/20 17:30,33734
22/01/20 18:30,21005
22/01/20 19:30,13542
22/01/20 20:30,8156
22/01/20 21:30,5830
22/01/20 22:30,1108
22/01/20 23:30,465
23/01/20 0:30,700
23/01/20 1:30,657
23/01/20 2:30,291
23/01/20 3:30,271
23/01/20 4:30,137
23/01/20 5:30,705
23/01/20 6:30,711
23/01/20 7:30,4540
23/01/20 8:30,12331
23/01/20 9:30,27280
23/01/20 10:30,42804
23/01/20 11:30,70022
23/01/20 12:30,36496
23/01/20 13:30,40285
23/01/20 14:30,53660
23/01/20 15:30,38065
23/01/20 16:30,27922
23/01/20 17:30,20750
23/01/20 18:30,18226
23/01/20 19:30,15738
23/01/20 20:30,10311
23/01/20 21:30,4085
23/01/20 22:30,2290
23/01/20 23:30,1650
24/01/20 0:30,1452
24/01/20 1:30,1550
24/01/20 2:30,614
24/01/20 3:30,480
24/01/20 4:30,790
24/01/20 5:30,1296
24/01/20 6:30,1673
24/01/20 7:30,3989
24/01/20 8:30,10633
24/01/20 9:30,28351
24/01/20 10:30,45847
24/01/20 11:30,50883
24/01/20 12:30,16492
24/01/20 13:30,13566
24/01/20 14:30,14750
24/01/20 15:30,12137
24/01/20 16:30,10018
24/01/20 17:30,8721
24/01/20 18:30,7211
24/01/20 19:30,4098
24/01/20 20:30,2157
24/01/20 21:30,1179
24/01/20 22:30,957
24/01/20 23:30,735
25/01/20 0:30,273
25/01/20 1:30,75
25/01/20 2:30,193
25/01/20 3:30,26
25/01/20 4:30,53
25/01/20 5:30,156
25/01/20 6:30,98
25/01/20 7:30,291
25/01/20 8:30,292
25/01/20 9:30,1020
25/01/20 10:30,1155
25/01/20 11:30,1348
25/01/20 12:30,1484
25/01/20 13:30,770
25/01/20 14:30,1052
25/01/20 15:30,990
25/01/20 16:30,730
25/01/20 17:30,1105
25/01/20 18:30,983
25/01/20 19:30,645
25/01/20 20:30,1038
25/01/20 21:30,1163
25/01/20 22:30,78
25/01/20 23:30,212
26/01/20 0:30,40
26/01/20 1:30,24
26/01/20 2:30,22
26/01/20 3:30,74
26/01/20 4:30,26
26/01/20 5:30,186
26/01/20 6:30,42
26/01/20 7:30,159
26/01/20 8:30,38
26/01/20 9:30,137
26/01/20 10:30,283
26/01/20 11:30,174
26/01/20 12:30,279
26/01/20 13:30,106
26/01/20 14:30,281
26/01/20 15:30,220
26/01/20 16:30,247
26/01/20 17:30,273
26/01/20 18:30,312
26/01/20 19:30,378
26/01/20 20:30,391
26/01/20 21:30,585
26/01/20 22:30,1092
26/01/20 23:30,591
27/01/20 0:00,591
27/01/20 0:30,177
27/01/20 1:30,54
27/01/20 2:30,630
27/01/20 3:30,104
27/01/20 4:30,229
27/01/20 5:30,604
27/01/20 6:30,459
27/01/20 7:30,1201
27/01/20 8:30,4929
27/01/20 9:30,10575
27/01/20 10:30,19226
27/01/20 11:30,22354
27/01/20 12:30,12963
27/01/20 13:30,18882
27/01/20 14:30,18978
27/01/20 15:30,14500
27/01/20 16:30,12747
27/01/20 17:30,8000
27/01/20 18:30,5748
27/01/20 19:30,3864
27/01/20 20:30,2333
27/01/20 21:30,1671
27/01/20 22:30,1062
27/01/20 23:30,730
28/01/20 0:30,287
28/01/20 1:30,586
28/01/20 2:30,259
28/01/20 3:30,100
28/01/20 4:30,42
28/01/20 5:30,416
28/01/20 6:30,508
28/01/20 7:30,3715
28/01/20 8:30,11569
28/01/20 9:30,32812
28/01/20 10:30,57912
28/01/20 11:30,57920
28/01/20 12:30,36753
28/01/20 13:30,36332
28/01/20 14:30,67709
28/01/20 15:30,53326
28/01/20 16:30,28977
28/01/20 17:30,21362
28/01/20 18:30,13204
28/01/20 19:30,7271
28/01/20 20:30,5412
28/01/20 21:30,3366
28/01/20 22:30,2418
28/01/20 23:30,1598
29/01/20 0:30,751
29/01/20 1:30,301
29/01/20 2:30,400
29/01/20 3:30,263
29/01/20 4:30,640
29/01/20 5:30,789
29/01/20 6:30,902
29/01/20 7:30,3080
29/01/20 8:30,7548
29/01/20 9:30,16324
29/01/20 10:30,27762
29/01/20 11:30,37382
29/01/20 12:30,28917
29/01/20 13:30,33851
29/01/20 14:30,39130
29/01/20 15:30,30129
29/01/20 16:30,28605
29/01/20 17:30,21211
29/01/20 18:30,14628
29/01/20 19:30,7809
29/01/20 20:30,5129
29/01/20 21:30,5841
29/01/20 22:30,2739
29/01/20 23:30,1168
30/01/20 0:30,544
30/01/20 1:30,651
30/01/20 2:30,339
30/01/20 3:30,232
30/01/20 4:30,317
30/01/20 5:30,815
30/01/20 6:30,358
30/01/20 7:30,1100
30/01/20 8:30,3025
30/01/20 9:30,6309
30/01/20 10:30,11269
30/01/20 11:30,12526
30/01/20 12:30,9999
30/01/20 13:30,10471
30/01/20 14:30,13108
30/01/20 15:30,9376
30/01/20 16:30,8639
30/01/20 17:30,5820
30/01/20 18:30,3393
30/01/20 19:30,8998
30/01/20 20:30,5970
30/01/20 21:30,4107
30/01/20 22:30,3923
30/01/20 23:30,2472
31/01/20 0:30,1161
31/01/20 1:30,645
31/01/20 2:30,831
31/01/20 3:30,556
31/01/20 4:30,1427
31/01/20 5:30,1051
31/01/20 6:30,864
31/01/20 7:30,4353
31/01/20 8:30,10232
31/01/20 9:30,21852
31/01/20 10:30,37863
31/01/20 11:30,36079
31/01/20 12:30,24861
31/01/20 13:30,28332
31/01/20 14:30,32294
31/01/20 15:30,23005
31/01/20 16:30,21279
31/01/20 17:30,13542
31/01/20 18:30,9496
31/01/20 19:30,6625
31/01/20 20:30,3396
31/01/20 21:30,1684
31/01/20 22:30,559
31/01/20 23:30,429
01/02/20 0:30,286
01/02/20 1:30,221
01/02/20 2:30,236
01/02/20 3:30,149
01/02/20 4:30,56
01/02/20 5:30,211
01/02/20 6:30,259
01/02/20 7:30,212
01/02/20 8:30,237
01/02/20 9:30,373
01/02/20 10:30,544
01/02/20 11:30,308
01/02/20 12:30,539
01/02/20 13:30,506
01/02/20 14:30,364
01/02/20 15:30,449
01/02/20 16:30,505
01/02/20 17:30,996
01/02/20 18:30,795
01/02/20 19:30,1231
01/02/20 20:30,555
01/02/20 21:30,980
01/02/20 22:30,830
01/02/20 23:30,592
02/02/20 0:30,433
02/02/20 1:30,298
02/02/20 2:30,369
02/02/20 3:30,83
02/02/20 4:30,72
02/02/20 5:30,393
02/02/20 6:30,248
02/02/20 7:30,158
02/02/20 8:30,262
02/02/20 9:30,169
02/02/20 10:30,267
02/02/20 11:30,371
02/02/20 12:30,175
02/02/20 13:30,343
02/02/20 14:30,345
02/02/20 15:30,264
02/02/20 16:30,384
02/02/20 17:30,373
02/02/20 18:30,794
02/02/20 19:30,394
02/02/20 20:30,453
02/02/20 21:30,519
02/02/20 22:30,351
02/02/20 23:30,226
03/02/20 0:00,226
03/02/20 0:30,253
03/02/20 1:30,430
03/02/20 2:30,320
03/02/20 3:30,61
03/02/20 4:30,170
03/02/20 5:30,410
03/02/20 6:30,1715
03/02/20 7:30,7151
03/02/20 8:30,23007
03/02/20 9:30,38202
03/02/20 10:30,48400
03/02/20 11:30,51732
03/02/20 12:30,49840
03/02/20 13:30,48296
03/02/20 14:30,51504
03/02/20 15:30,47353
03/02/20 16:30,29297
03/02/20 17:30,20724
03/02/20 18:30,15797
03/02/20 19:30,9279
03/02/20 20:30,5940
03/02/20 21:30,5182
03/02/20 22:30,8270
03/02/20 23:30,2491
04/02/20 0:30,1271
04/02/20 1:30,1365
04/02/20 2:30,1124
04/02/20 3:30,696
04/02/20 4:30,744
04/02/20 5:30,1413
04/02/20 6:30,673
04/02/20 7:30,1680
04/02/20 8:30,4392
04/02/20 9:30,7610
04/02/20 10:30,9712
04/02/20 11:30,12749
04/02/20 12:30,10195
04/02/20 13:30,27878
04/02/20 14:30,9606
04/02/20 15:30,7756
04/02/20 16:30,13059
04/02/20 17:30,35759
04/02/20 18:30,21837
04/02/20 19:30,8549
04/02/20 20:30,5839
04/02/20 21:30,4069
04/02/20 22:30,3326
04/02/20 23:30,2052
05/02/20 0:30,1567
05/02/20 1:30,1202
05/02/20 2:30,970
05/02/20 3:30,744
05/02/20 4:30,1383
05/02/20 5:30,1602
05/02/20 6:30,1746
05/02/20 7:30,3531
05/02/20 8:30,8311
05/02/20 9:30,16081
05/02/20 10:30,22185
05/02/20 11:30,24878
05/02/20 12:30,20172
05/02/20 13:30,25485
05/02/20 14:30,26411
05/02/20 15:30,19250
05/02/20 16:30,16733
05/02/20 17:30,12314
05/02/20 18:30,9963
05/02/20 19:30,6966
05/02/20 20:30,3710
05/02/20 21:30,3843
05/02/20 22:30,2304
05/02/20 23:30,1417
06/02/20 0:30,805
06/02/20 1:30,837
06/02/20 2:30,592
06/02/20 3:30,265
06/02/20 4:30,459
06/02/20 5:30,880
06/02/20 6:30,759
06/02/20 7:30,1487
06/02/20 8:30,2774
06/02/20 9:30,15006
06/02/20 10:30,24557
06/02/20 11:30,29829
06/02/20 12:30,18428
06/02/20 13:30,23289
06/02/20 14:30,19632
06/02/20 15:30,18010
06/02/20 16:30,17511
06/02/20 17:30,11610
06/02/20 18:30,9278
06/02/20 19:30,7340
06/02/20 20:30,5159
06/02/20 21:30,3923
06/02/20 22:30,3278
06/02/20 23:30,1712
07/02/20 0:30,1145
07/02/20 1:30,766
07/02/20 2:30,624
07/02/20 3:30,222
07/02/20 4:30,550
07/02/20 5:30,989
07/02/20 6:30,237
07/02/20 7:30,1108
07/02/20 8:30,2775
07/02/20 9:30,5266
07/02/20 10:30,8440
07/02/20 11:30,8609
07/02/20 12:30,6354
07/02/20 13:30,7740
07/02/20 14:30,7164
07/02/20 15:30,6417
07/02/20 16:30,8930
07/02/20 17:30,15459
07/02/20 18:30,12116
07/02/20 19:30,7107
07/02/20 20:30,5652
07/02/20 21:30,2546
07/02/20 22:30,1845
07/02/20 23:30,1453
08/02/20 0:30,643
08/02/20 1:30,613
08/02/20 2:30,446
08/02/20 3:30,393
08/02/20 4:30,259
08/02/20 5:30,352
08/02/20 6:30,104
08/02/20 7:30,330
08/02/20 8:30,144
08/02/20 11:30,517
08/02/20 12:30,669
08/02/20 13:30,1126
08/02/20 14:30,869
08/02/20 15:30,95
08/02/20 16:30,108
08/02/20 17:30,149
08/02/20 18:30,162
08/02/20 19:30,46
08/02/20 20:30,94
08/02/20 21:30,255
08/02/20 22:30,132
08/02/20 23:30,42
09/02/20 0:30,54
09/02/20 1:30,40
09/02/20 2:30,38
09/02/20 3:30,45
09/02/20 4:30,36
09/02/20 5:30,68
09/02/20 6:30,64
09/02/20 7:30,42
09/02/20 8:30,69
09/02/20 9:30,197
09/02/20 10:30,146
09/02/20 11:30,178
09/02/20 12:30,120
09/02/20 13:30,88
09/02/20 14:30,280
09/02/20 15:30,316
09/02/20 16:30,156
09/02/20 17:30,306
09/02/20 18:30,263
09/02/20 19:30,190
09/02/20 20:30,213
09/02/20 21:30,229
09/02/20 22:30,158
09/02/20 23:30,229
10/02/20 0:00,229
10/02/20 0:30,67
10/02/20 1:30,66
10/02/20 2:30,40
10/02/20 3:30,36
10/02/20 4:30,63
10/02/20 5:30,167
10/02/20 6:30,267
10/02/20 7:30,1666
10/02/20 8:30,4383
10/02/20 9:30,8880
10/02/20 10:30,44896
10/02/20 11:30,33526
10/02/20 12:30,40144
10/02/20 13:30,35229
10/02/20 14:30,33390
10/02/20 15:30,30389
10/02/20 16:30,25612
10/02/20 17:30,18694
10/02/20 18:30,16204
10/02/20 19:30,9789
10/02/20 20:30,6629
10/02/20 21:30,4251
10/02/20 22:30,2469
10/02/20 23:30,1479
11/02/20 0:30,1330
11/02/20 1:30,567
11/02/20 2:30,408
11/02/20 3:30,437
11/02/20 4:30,315
11/02/20 5:30,1113
11/02/20 6:30,989
11/02/20 7:30,3260
11/02/20 8:30,9541
11/02/20 9:30,28225
11/02/20 10:30,40137
11/02/20 11:30,45319
11/02/20 12:30,31519
11/02/20 13:30,30071
11/02/20 14:30,32002
11/02/20 15:30,26354
11/02/20 16:30,21767
11/02/20 17:30,16655
11/02/20 18:30,12779
11/02/20 19:30,6892
11/02/20 20:30,4791
11/02/20 21:30,3779
11/02/20 22:30,2827
11/02/20 23:30,1251
12/02/20 0:30,601
12/02/20 1:30,585
12/02/20 2:30,412
12/02/20 3:30,587
12/02/20 4:30,569
12/02/20 5:30,900
12/02/20 6:30,965
12/02/20 7:30,2969
12/02/20 8:30,7874
12/02/20 9:30,19646
12/02/20 10:30,36499
12/02/20 11:30,38630
12/02/20 12:30,26616
12/02/20 13:30,26379
12/02/20 14:30,26420
12/02/20 15:30,23984
12/02/20 16:30,16922
12/02/20 17:30,15365
12/02/20 18:30,11737
12/02/20 19:30,7619
12/02/20 20:30,3689
12/02/20 21:30,3209
12/02/20 22:30,2145
12/02/20 23:30,1127
13/02/20 0:30,829
13/02/20 1:30,596
13/02/20 2:30,344
13/02/20 3:30,290
13/02/20 4:30,627
13/02/20 5:30,705
13/02/20 6:30,1651
13/02/20 7:30,3400
13/02/20 8:30,9702
13/02/20 9:30,18802
13/02/20 10:30,29829
13/02/20 11:30,32888
13/02/20 12:30,25512
13/02/20 13:30,25872
13/02/20 14:30,25746
13/02/20 15:30,22013
13/02/20 16:30,17386
13/02/20 17:30,13501
13/02/20 18:30,10306
13/02/20 19:30,6886
13/02/20 20:30,4488
13/02/20 21:30,3426
13/02/20 22:30,1783
13/02/20 23:30,1204
14/02/20 0:30,991
14/02/20 1:30,373
14/02/20 2:30,380
14/02/20 3:30,246
14/02/20 4:30,268
14/02/20 5:30,810
14/02/20 6:30,1169
14/02/20 7:30,2828
14/02/20 8:30,9048
14/02/20 9:30,19159
14/02/20 10:30,23952
14/02/20 11:30,30483
14/02/20 12:30,25359
14/02/20 13:30,31436
14/02/20 14:30,29697
14/02/20 15:30,24345
14/02/20 16:30,22036
14/02/20 17:30,17355
14/02/20 18:30,12523
14/02/20 19:30,7186
14/02/20 20:30,4457
14/02/20 21:30,3422
14/02/20 22:30,2097
14/02/20 23:30,1154
15/02/20 0:30,539
15/02/20 1:30,298
15/02/20 2:30,429
15/02/20 3:30,201
15/02/20 4:30,448
15/02/20 5:30,574
15/02/20 6:30,443
15/02/20 7:30,335
15/02/20 8:30,831
15/02/20 9:30,1139
15/02/20 10:30,854
15/02/20 11:30,810
15/02/20 12:30,819
15/02/20 13:30,960
15/02/20 14:30,929
15/02/20 15:30,702
15/02/20 16:30,775
15/02/20 17:30,700
15/02/20 18:30,1191
15/02/20 19:30,866
15/02/20 20:30,486
15/02/20 21:30,440
15/02/20 22:30,645
15/02/20 23:30,346
16/02/20 0:30,217
16/02/20 1:30,55
16/02/20 2:30,283
16/02/20 3:30,88
16/02/20 4:30,101
16/02/20 5:30,171
16/02/20 6:30,88
16/02/20 7:30,348
16/02/20 8:30,897
16/02/20 9:30,776
16/02/20 10:30,981
16/02/20 11:30,904
16/02/20 12:30,1223
16/02/20 13:30,1037
16/02/20 14:30,992
16/02/20 15:30,909
16/02/20 16:30,1527
16/02/20 17:30,1137
17/02/20 9:30,3617
17/02/20 10:30,13520
17/02/20 11:30,15044
17/02/20 12:30,10907
17/02/20 13:30,11561
17/02/20 14:30,16620
17/02/20 15:30,12419
17/02/20 16:30,7707
17/02/20 17:30,6606
17/02/20 18:30,4874
17/02/20 19:30,3115
17/02/20 20:30,1668
17/02/20 21:30,819
17/02/20 22:30,3152
17/02/20 23:30,1982
18/02/20 0:30,708
18/02/20 1:30,561
18/02/20 2:30,345
18/02/20 3:30,247
18/02/20 4:30,366
18/02/20 5:30,478
18/02/20 6:30,997
18/02/20 7:30,3778
18/02/20 8:30,10252
18/02/20 9:30,18227
18/02/20 10:30,32822
18/02/20 11:30,43705
18/02/20 12:30,27778
18/02/20 13:30,30905
18/02/20 14:30,31418
18/02/20 15:30,25820
18/02/20 16:30,24414
18/02/20 17:30,19752
18/02/20 18:30,15151
18/02/20 19:30,9358
18/02/20 20:30,7094
18/02/20 21:30,4557
18/02/20 22:30,3323
18/02/20 23:30,1479
19/02/20 0:30,910
19/02/20 1:30,607
19/02/20 2:30,402
19/02/20 3:30,370
19/02/20 4:30,436
19/02/20 5:30,446
19/02/20 6:30,1358
19/02/20 7:30,3053
19/02/20 8:30,8466
19/02/20 9:30,18943
19/02/20 10:30,27345
19/02/20 11:30,30707
19/02/20 12:30,24932
19/02/20 13:30,26665
19/02/20 14:30,32337
19/02/20 15:30,25782
19/02/20 16:30,23083
19/02/20 17:30,18466
19/02/20 18:30,14514
19/02/20 19:30,8659
19/02/20 20:30,4547
19/02/20 21:30,3565
19/02/20 22:30,2925
19/02/20 23:30,971
20/02/20 0:30,840
20/02/20 1:30,437
20/02/20 2:30,562
20/02/20 3:30,169
20/02/20 4:30,283
20/02/20 5:30,659
20/02/20 6:30,1954
20/02/20 7:30,3579
20/02/20 8:30,8477
20/02/20 9:30,17352
20/02/20 10:30,25799
20/02/20 11:30,28764
20/02/20 12:30,23460
20/02/20 13:30,26226
20/02/20 14:30,32851
20/02/20 15:30,22919
20/02/20 16:30,20978
20/02/20 17:30,17519
20/02/20 18:30,15122
20/02/20 19:30,8464
20/02/20 20:30,4365
20/02/20 21:30,3121
20/02/20 22:30,3057
20/02/20 23:30,1086
21/02/20 0:30,984
21/02/20 1:30,488
21/02/20 2:30,630
21/02/20 3:30,349
21/02/20 4:30,239
21/02/20 5:30,742
21/02/20 6:30,727
21/02/20 7:30,1954
21/02/20 8:30,5123
21/02/20 9:30,10251
21/02/20 10:30,17411
21/02/20 11:30,22033
21/02/20 12:30,14882
21/02/20 13:30,19052
21/02/20 14:30,19697
21/02/20 15:30,13278
21/02/20 16:30,12998
21/02/20 17:30,9789
21/02/20 18:30,7537
21/02/20 19:30,4938
21/02/20 20:30,2958
21/02/20 21:30,1893
21/02/20 22:30,1479
21/02/20 23:30,1167
22/02/20 0:30,434
22/02/20 1:30,351
22/02/20 2:30,367
22/02/20 3:30,306
22/02/20 4:30,178
22/02/20 5:30,476
22/02/20 6:30,293
22/02/20 7:30,244
22/02/20 8:30,333
22/02/20 9:30,1025
22/02/20 10:30,932
22/02/20 11:30,1349
22/02/20 12:30,910
22/02/20 13:30,1084
22/02/20 14:30,1620
22/02/20 15:30,494
22/02/20 16:30,435
22/02/20 17:30,545
22/02/20 18:30,1017
22/02/20 19:30,922
22/02/20 20:30,587
22/02/20 21:30,499
22/02/20 22:30,926
22/02/20 23:30,319
23/02/20 0:30,163
23/02/20 1:30,78
23/02/20 2:30,193
23/02/20 3:30,221
23/02/20 4:30,99
23/02/20 5:30,226
23/02/20 6:30,295
23/02/20 7:30,699
23/02/20 8:30,712
23/02/20 9:30,819
23/02/20 10:30,719
23/02/20 11:30,745
23/02/20 12:30,1392
23/02/20 13:30,1136
23/02/20 14:30,761
23/02/20 15:30,700
23/02/20 16:30,1331
23/02/20 17:30,922
23/02/20 18:30,1266
23/02/20 19:30,910
23/02/20 20:30,660
23/02/20 21:30,932
23/02/20 22:30,1184
23/02/20 23:30,642
24/02/20 0:00,642
24/02/20 0:30,325
24/02/20 1:30,263
24/02/20 2:30,311
24/02/20 3:30,46
24/02/20 4:30,218
24/02/20 5:30,272
24/02/20 6:30,810
24/02/20 7:30,3635
24/02/20 8:30,12011
24/02/20 9:30,22820
24/02/20 10:30,57992
24/02/20 11:30,67896
24/02/20 12:30,50516
24/02/20 13:30,70855
24/02/20 14:30,32219
24/02/20 15:30,28958
24/02/20 16:30,22753
24/02/20 17:30,21861
24/02/20 18:30,15405
24/02/20 19:30,8610
24/02/20 20:30,4654
24/02/20 21:30,2965
24/02/20 22:30,2500
24/02/20 23:30,1429
25/02/20 0:30,827
25/02/20 1:30,769
25/02/20 2:30,449
25/02/20 3:30,518
25/02/20 4:30,527
25/02/20 5:30,579
25/02/20 6:30,1383
25/02/20 7:30,3374
25/02/20 8:30,8042
25/02/20 9:30,16211
25/02/20 10:30,37402
25/02/20 11:30,38482
25/02/20 12:30,27775
25/02/20 13:30,30354
25/02/20 14:30,33301
25/02/20 15:30,29821
25/02/20 16:30,21450
25/02/20 17:30,18107
25/02/20 18:30,14117
25/02/20 19:30,7047
25/02/20 20:30,4697
25/02/20 21:30,4657
25/02/20 22:30,2346
25/02/20 23:30,1918
26/02/20 0:30,1420
26/02/20 1:30,1072
26/02/20 2:30,447
26/02/20 3:30,299
26/02/20 4:30,275
26/02/20 5:30,843
26/02/20 6:30,1320
26/02/20 7:30,2677
26/02/20 8:30,8602
26/02/20 9:30,19828
26/02/20 10:30,29828
26/02/20 11:30,32634
26/02/20 12:30,21054
26/02/20 13:30,21289
26/02/20 14:30,27067
26/02/20 15:30,22118
26/02/20 16:30,17929
26/02/20 17:30,14372
26/02/20 18:30,12809
26/02/20 19:30,6597
26/02/20 20:30,3383
26/02/20 21:30,3237
26/02/20 22:30,2370
26/02/20 23:30,1634
27/02/20 0:30,622
27/02/20 1:30,344
27/02/20 2:30,305
27/02/20 3:30,566
27/02/20 4:30,934
27/02/20 5:30,471
27/02/20 6:30,2085
27/02/20 7:30,3176
27/02/20 8:30,9496
27/02/20 9:30,15793
27/02/20 10:30,23453
27/02/20 11:30,28046
27/02/20 12:30,19671
27/02/20 13:30,20400
27/02/20 14:30,22142
27/02/20 15:30,19728
27/02/20 16:30,18746
27/02/20 17:30,13177
27/02/20 18:30,8943
27/02/20 19:30,6717
27/02/20 20:30,3900
27/02/20 21:30,3520
27/02/20 22:30,2697
27/02/20 23:30,1807
28/02/20 0:30,934
28/02/20 1:30,321
28/02/20 2:30,293
28/02/20 3:30,487
28/02/20 4:30,418
28/02/20 5:30,841
28/02/20 6:30,789
28/02/20 7:30,2454
28/02/20 8:30,6578
28/02/20 9:30,13957
28/02/20 10:30,28640
28/02/20 11:30,28914
28/02/20 12:30,18235
28/02/20 13:30,22019
28/02/20 14:30,25837
28/02/20 15:30,19344
28/02/20 16:30,13155
28/02/20 17:30,6743
28/02/20 18:30,5474
28/02/20 19:30,3411
28/02/20 20:30,2833
28/02/20 21:30,1755
28/02/20 22:30,1400
28/02/20 23:30,483
29/02/20 0:30,719
29/02/20 1:30,266
29/02/20 2:30,218
29/02/20 3:30,127
29/02/20 4:30,184
29/02/20 5:30,190
29/02/20 6:30,216
29/02/20 7:30,316
29/02/20 8:30,369
29/02/20 9:30,387
29/02/20 10:30,412
29/02/20 11:30,692
29/02/20 12:30,681
29/02/20 13:30,355
29/02/20 14:30,505
29/02/20 15:30,444
29/02/20 16:30,353
29/02/20 17:30,324
29/02/20 18:30,181
29/02/20 19:30,482
29/02/20 20:30,323
29/02/20 21:30,259
29/02/20 22:30,228
29/02/20 23:30,510
01/03/20 0:30,392
01/03/20 1:30,271
01/03/20 2:30,100
01/03/20 3:30,59
01/03/20 4:30,221
01/03/20 5:30,525
01/03/20 6:30,359
01/03/20 7:30,334
01/03/20 8:30,454
01/03/20 9:30,350
01/03/20 10:30,641
01/03/20 11:30,556
01/03/20 12:30,428
01/03/20 13:30,639
01/03/20 14:30,484
01/03/20 15:30,1064
01/03/20 16:30,713
01/03/20 17:30,698
01/03/20 18:30,838
01/03/20 19:30,949
01/03/20 20:30,1390
01/03/20 21:30,1437
01/03/20 22:30,1459
01/03/20 23:30,903
02/03/20 0:00,903
02/03/20 0:30,221
02/03/20 1:30,327
02/03/20 2:30,333
02/03/20 3:30,313
02/03/20 4:30,194
02/03/20 5:30,959
02/03/20 6:30,1609
02/03/20 7:30,4020
02/03/20 8:30,12791
02/03/20 9:30,24153
02/03/20 10:30,32920
02/03/20 11:30,35493
02/03/20 12:30,26225
02/03/20 13:30,31551
02/03/20 14:30,27741
02/03/20 15:30,22277
02/03/20 16:30,19281
02/03/20 17:30,16745
02/03/20 18:30,13408
02/03/20 19:30,9460
02/03/20 20:30,5719
02/03/20 21:30,4035
02/03/20 22:30,2763
02/03/20 23:30,1446
03/03/20 0:30,1338
03/03/20 1:30,1247
03/03/20 2:30,796
03/03/20 3:30,507
03/03/20 4:30,798
03/03/20 5:30,1021
03/03/20 6:30,1212
03/03/20 7:30,2866
03/03/20 8:30,8019
03/03/20 9:30,16602
03/03/20 10:30,24021
03/03/20 11:30,28298
03/03/20 12:30,22922
03/03/20 13:30,22627
03/03/20 14:30,26202
03/03/20 15:30,20187
03/03/20 16:30,17155
03/03/20 17:30,14517
03/03/20 18:30,12880
03/03/20 19:30,7779
03/03/20 20:30,5107
03/03/20 21:30,4264
03/03/20 22:30,3695
03/03/20 23:30,2087
04/03/20 0:30,1900
04/03/20 1:30,1950
04/03/20 2:30,1189
04/03/20 3:30,1063
04/03/20 4:30,1318
04/03/20 5:30,1638
04/03/20 6:30,1646
04/03/20 7:30,3210
04/03/20 8:30,9312
04/03/20 9:30,15894
04/03/20 10:30,22895
04/03/20 11:30,22906
04/03/20 12:30,20606
04/03/20 13:30,23943
04/03/20 14:30,28616
04/03/20 15:30,22372
04/03/20 16:30,37140
04/03/20 17:30,66415
04/03/20 18:30,39952
04/03/20 19:30,7832
04/03/20 20:30,5219
04/03/20 21:30,5143
04/03/20 22:30,2628
04/03/20 23:30,2492
05/03/20 0:30,1531
05/03/20 1:30,1750
05/03/20 2:30,1793
05/03/20 3:30,623
05/03/20 4:30,1005
05/03/20 5:30,1346
05/03/20 6:30,1505
05/03/20 7:30,3387
05/03/20 8:30,11017
05/03/20 9:30,18754
05/03/20 10:30,25961
05/03/20 11:30,32046
05/03/20 12:30,21991
05/03/20 13:30,24291
05/03/20 14:30,26601
05/03/20 15:30,19471
05/03/20 16:30,18871
05/03/20 17:30,14356
05/03/20 18:30,11855
05/03/20 19:30,7413
05/03/20 20:30,6386
05/03/20 21:30,4133
05/03/20 22:30,3677
05/03/20 23:30,2164
06/03/20 0:30,1421
06/03/20 1:30,581
06/03/20 2:30,738
06/03/20 3:30,646
06/03/20 4:30,529
06/03/20 5:30,1289
06/03/20 6:30,1816
06/03/20 7:30,4848
06/03/20 8:30,10872
06/03/20 9:30,17948
06/03/20 10:30,32237
06/03/20 11:30,35087
06/03/20 12:30,22894
06/03/20 13:30,32960
06/03/20 14:30,37812
06/03/20 15:30,31160
06/03/20 16:30,27808
06/03/20 17:30,20335
06/03/20 18:30,14611
06/03/20 19:30,10459
06/03/20 20:30,5589
06/03/20 21:30,4760
06/03/20 22:30,2978
06/03/20 23:30,1892
07/03/20 0:30,1872
07/03/20 1:30,1347
07/03/20 2:30,1126
07/03/20 3:30,806
07/03/20 4:30,594
07/03/20 5:30,683
07/03/20 6:30,955
07/03/20 7:30,988
07/03/20 8:30,1547
07/03/20 9:30,1549
07/03/20 10:30,1502
07/03/20 11:30,1593
07/03/20 12:30,1861
07/03/20 13:30,1307
07/03/20 14:30,1163
07/03/20 15:30,1237
07/03/20 16:30,1245
07/03/20 17:30,885
07/03/20 18:30,1095
07/03/20 19:30,661
07/03/20 20:30,720
07/03/20 21:30,713
07/03/20 22:30,502
07/03/20 23:30,824
08/03/20 0:30,556
08/03/20 1:30,447
08/03/20 2:30,147
08/03/20 3:30,200
08/03/20 4:30,251
08/03/20 5:30,407
08/03/20 6:30,294
08/03/20 7:30,306
08/03/20 8:30,497
08/03/20 9:30,929
08/03/20 10:30,725
08/03/20 11:30,782
08/03/20 12:30,354
08/03/20 13:30,803
08/03/20 14:30,1135
08/03/20 15:30,701
08/03/20 16:30,1607
08/03/20 17:30,1478
08/03/20 18:30,790
08/03/20 19:30,1171
08/03/20 20:30,1600
08/03/20 21:30,2097
08/03/20 22:30,1560
08/03/20 23:30,479
09/03/20 0:00,479
09/03/20 0:30,768
09/03/20 1:30,426
09/03/20 2:30,166
09/03/20 3:30,362
09/03/20 4:30,336
09/03/20 5:30,1110
09/03/20 6:30,2074
09/03/20 7:30,4372
09/03/20 8:30,14993
09/03/20 9:30,29169
09/03/20 10:30,44151
09/03/20 11:30,58747
09/03/20 12:30,40942
09/03/20 13:30,35389
09/03/20 14:30,32188
09/03/20 15:30,26018
09/03/20 16:30,27765
09/03/20 17:30,20000
09/03/20 18:30,13956
09/03/20 19:30,8746
09/03/20 20:30,5319
09/03/20 21:30,3187
09/03/20 22:30,2949
09/03/20 23:30,1483
10/03/20 0:30,1068
10/03/20 1:30,447
10/03/20 2:30,586
10/03/20 3:30,469
10/03/20 4:30,335
10/03/20 5:30,1025
10/03/20 6:30,993
10/03/20 7:30,2598
10/03/20 8:30,6496
10/03/20 9:30,9988
10/03/20 10:30,15011
10/03/20 11:30,15342
10/03/20 12:30,12343
10/03/20 13:30,12062
10/03/20 14:30,12934
10/03/20 15:30,10550
10/03/20 16:30,8496
10/03/20 17:30,6816
10/03/20 18:30,5233
10/03/20 19:30,3874
10/03/20 20:30,3035
10/03/20 21:30,2517
10/03/20 22:30,1407
10/03/20 23:30,907
11/03/20 0:30,773
11/03/20 1:30,565
11/03/20 2:30,416
11/03/20 3:30,249
11/03/20 4:30,321
11/03/20 5:30,874
11/03/20 6:30,1418
11/03/20 7:30,3660
11/03/20 8:30,10616
11/03/20 9:30,19776
11/03/20 10:30,31721
11/03/20 11:30,37448
11/03/20 12:30,25994
11/03/20 13:30,30821
11/03/20 14:30,27548
11/03/20 15:30,22621
11/03/20 16:30,25974
11/03/20 17:30,21216
11/03/20 18:30,14491
11/03/20 19:30,8051
11/03/20 20:30,4708
11/03/20 21:30,3911
11/03/20 22:30,2939
11/03/20 23:30,1709
12/03/20 0:30,965
12/03/20 1:30,519
12/03/20 2:30,987
12/03/20 3:30,421
12/03/20 4:30,308
12/03/20 5:30,910
12/03/20 6:30,1143
12/03/20 7:30,2856
12/03/20 8:30,1442
12/03/20 9:30,21351
12/03/20 10:30,36031
12/03/20 11:30,39335
12/03/20 12:30,43397
12/03/20 13:30,45140
12/03/20 14:30,31253
12/03/20 15:30,30973
12/03/20 16:30,27127
12/03/20 17:30,21572
12/03/20 18:30,18339
12/03/20 19:30,11321
12/03/20 20:30,6233
12/03/20 21:30,4484
12/03/20 22:30,3004
12/03/20 23:30,2051
13/03/20 0:30,917
13/03/20 1:30,652
13/03/20 2:30,425
13/03/20 3:30,335
13/03/20 4:30,379
13/03/20 5:30,461
13/03/20 6:30,1706
13/03/20 7:30,4740
13/03/20 8:30,12057
13/03/20 9:30,23898
13/03/20 10:30,39638
13/03/20 11:30,38801
13/03/20 12:30,28938
13/03/20 13:30,29822
13/03/20 14:30,31237
13/03/20 15:30,30014
13/03/20 16:30,25873
13/03/20 17:30,19518
13/03/20 18:30,16028
13/03/20 19:30,11390
13/03/20 20:30,6576
13/03/20 21:30,4686
13/03/20 22:30,2770
13/03/20 23:30,1335
14/03/20 0:30,679
14/03/20 1:30,622
14/03/20 2:30,424
14/03/20 3:30,444
14/03/20 4:30,348
14/03/20 5:30,463
14/03/20 6:30,494
14/03/20 7:30,710
14/03/20 8:30,1161
14/03/20 9:30,1393
14/03/20 10:30,1363
14/03/20 11:30,1824
14/03/20 12:30,1357
14/03/20 13:30,1483
14/03/20 14:30,1333
14/03/20 15:30,1561
14/03/20 16:30,1085
14/03/20 17:30,1569
14/03/20 18:30,1012
14/03/20 19:30,590
14/03/20 20:30,733
14/03/20 21:30,669
14/03/20 22:30,729
14/03/20 23:30,369
15/03/20 0:30,261
15/03/20 1:30,289
15/03/20 2:30,201
15/03/20 3:30,102
15/03/20 4:30,154
15/03/20 5:30,129
15/03/20 6:30,171
15/03/20 7:30,712
15/03/20 8:30,601
15/03/20 9:30,1314
15/03/20 10:30,810
15/03/20 11:30,964
15/03/20 12:30,1042
15/03/20 13:30,1344
15/03/20 14:30,1587
15/03/20 15:30,1718
15/03/20 16:30,1613
15/03/20 17:30,1131
15/03/20 18:30,1341
15/03/20 19:30,841
17/03/20 22:30,2899
17/03/20 23:30,987
18/03/20 0:30,1357
18/03/20 1:30,543
18/03/20 2:30,415
18/03/20 3:30,204
18/03/20 4:30,269
18/03/20 5:30,534
18/03/20 6:30,859
18/03/20 7:30,3420
18/03/20 8:30,10742
18/03/20 9:30,19445
18/03/20 10:30,26798
18/03/20 11:30,39088
18/03/20 12:30,31234
18/03/20 13:30,25503
18/03/20 14:30,23253
18/03/20 15:30,22987
18/03/20 16:30,19517
18/03/20 17:30,15856
18/03/20 18:30,19193
18/03/20 19:30,20977
18/03/20 20:30,9378
18/03/20 21:30,4778
18/03/20 22:30,4535
18/03/20 23:30,2481
19/03/20 0:30,1191
19/03/20 1:30,674
19/03/20 2:30,408
19/03/20 3:30,254
19/03/20 4:30,448
19/03/20 5:30,707
19/03/20 6:30,1178
19/03/20 7:30,3289
19/03/20 8:30,8250
19/03/20 9:30,16639
19/03/20 10:30,29475
19/03/20 11:30,44897
19/03/20 12:30,43432
19/03/20 13:30,30688
19/03/20 14:30,25987
19/03/20 15:30,20885
19/03/20 16:30,19575
19/03/20 17:30,16740
19/03/20 18:30,15511
19/03/20 19:30,11000
19/03/20 20:30,7560
19/03/20 21:30,6047
19/03/20 22:30,4509
19/03/20 23:30,2041
20/03/20 0:30,1450
20/03/20 1:30,733
20/03/20 2:30,462
20/03/20 3:30,138
20/03/20 4:30,334
20/03/20 5:30,955
20/03/20 6:30,1524
20/03/20 7:30,4759
20/03/20 8:30,11150
20/03/20 9:30,27329
20/03/20 10:30,35937
20/03/20 11:30,36806
20/03/20 12:30,26442
20/03/20 13:30,24379
20/03/20 14:30,29888
20/03/20 15:30,29098
20/03/20 16:30,25680
20/03/20 17:30,21904
20/03/20 18:30,17333
20/03/20 19:30,12026
20/03/20 20:30,7882
20/03/20 21:30,4187
20/03/20 22:30,3190
20/03/20 23:30,1622
21/03/20 0:30,810
21/03/20 1:30,832
21/03/20 2:30,699
21/03/20 3:30,303
21/03/20 4:30,279
21/03/20 5:30,480
21/03/20 6:30,387
21/03/20 7:30,540
21/03/20 8:30,932
21/03/20 9:30,1545
21/03/20 10:30,2116
21/03/20 11:30,2417
21/03/20 12:30,1980
21/03/20 13:30,1816
21/03/20 14:30,2104
21/03/20 15:30,2653
21/03/20 16:30,1643
21/03/20 17:30,1501
21/03/20 18:30,1654
21/03/20 19:30,1356
21/03/20 20:30,1406
21/03/20 21:30,1121
21/03/20 22:30,1449
21/03/20 23:30,815
22/03/20 0:30,191
22/03/20 1:30,122
22/03/20 2:30,168
22/03/20 3:30,66
22/03/20 4:30,82
22/03/20 5:30,70
22/03/20 6:30,199
22/03/20 7:30,1128
22/03/20 8:30,1044
22/03/20 9:30,1416
22/03/20 10:30,2230
22/03/20 11:30,2188
22/03/20 12:30,3130
22/03/20 13:30,1309
22/03/20 14:30,1725
22/03/20 15:30,1925
22/03/20 16:30,1309
22/03/20 17:30,2572
22/03/20 18:30,2206
22/03/20 19:30,3076
22/03/20 20:30,2079
22/03/20 21:30,2038
22/03/20 22:30,2194
22/03/20 23:30,1750
23/03/20 0:00,1750
23/03/20 0:30,861
23/03/20 1:30,607
23/03/20 2:30,43
23/03/20 3:30,142
23/03/20 4:30,269
23/03/20 5:30,706
23/03/20 6:30,2275
23/03/20 7:30,4930
23/03/20 8:30,15459
23/03/20 9:30,27934
23/03/20 10:30,33592
23/03/20 11:30,32651
23/03/20 12:30,31691
23/03/20 13:30,19544
23/03/20 14:30,27898
23/03/20 15:30,27535
23/03/20 16:30,22721
23/03/20 17:30,21229
23/03/20 18:30,15291
23/03/20 19:30,12236
23/03/20 20:30,7623
23/03/20 21:30,5929
23/03/20 22:30,3742
23/03/20 23:30,1531
24/03/20 0:30,1462
24/03/20 1:30,806
24/03/20 2:30,311
24/03/20 3:30,270
24/03/20 4:30,245
24/03/20 5:30,596
24/03/20 6:30,1461
24/03/20 7:30,3471
24/03/20 8:30,9593
24/03/20 9:30,22149
24/03/20 10:30,30571
24/03/20 11:30,30508
24/03/20 12:30,23310
24/03/20 13:30,21317
24/03/20 14:30,21843
24/03/20 15:30,33043
24/03/20 16:30,19201
24/03/20 17:30,13313
24/03/20 18:30,16533
24/03/20 19:30,9103
24/03/20 20:30,6809
24/03/20 21:30,5999
24/03/20 22:30,4673
24/03/20 23:30,2486
25/03/20 0:30,2066
25/03/20 1:30,853
25/03/20 2:30,275
25/03/20 3:30,173
25/03/20 4:30,326
25/03/20 5:30,398
25/03/20 6:30,1243
25/03/20 7:30,1576
25/03/20 8:30,2701
25/03/20 9:30,4674
25/03/20 10:30,8026
25/03/20 11:30,8184
25/03/20 12:30,7854
25/03/20 13:30,7023
25/03/20 14:30,8121
25/03/20 15:30,7881
25/03/20 16:30,7016
25/03/20 17:30,5755
25/03/20 18:30,6303
25/03/20 19:30,4606
25/03/20 20:30,4796
25/03/20 21:30,3643
25/03/20 22:30,3305
25/03/20 23:30,1204
26/03/20 0:30,904
26/03/20 1:30,697
26/03/20 2:30,234
26/03/20 3:30,126
26/03/20 4:30,318
26/03/20 5:30,457
26/03/20 6:30,930
26/03/20 7:30,3383
26/03/20 8:30,12443
26/03/20 9:30,23001
26/03/20 10:30,36445
26/03/20 11:30,35722
26/03/20 12:30,28641
26/03/20 13:30,20600
26/03/20 14:30,23239
26/03/20 15:30,21242
26/03/20 16:30,31738
26/03/20 17:30,18223
26/03/20 18:30,16794
26/03/20 19:30,11800
26/03/20 20:30,45328
26/03/20 21:30,71925
26/03/20 22:30,27066
26/03/20 23:30,2218
27/03/20 0:30,731
27/03/20 1:30,753
27/03/20 2:30,469
27/03/20 3:30,203
27/03/20 4:30,221
27/03/20 5:30,522
27/03/20 6:30,1326
27/03/20 7:30,3045
27/03/20 8:30,8697
27/03/20 9:30,17413
27/03/20 10:30,26461
27/03/20 11:30,27261
27/03/20 12:30,22972
27/03/20 13:30,17923
27/03/20 14:30,21636
27/03/20 15:30,20036
27/03/20 16:30,16867
27/03/20 17:30,15984
27/03/20 18:30,14059
27/03/20 19:30,9762
27/03/20 20:30,6876
27/03/20 21:30,4484
27/03/20 22:30,3123
27/03/20 23:30,2196
28/03/20 0:30,1204
28/03/20 1:30,577
28/03/20 2:30,286
28/03/20 3:30,111
28/03/20 4:30,234
28/03/20 5:30,278
28/03/20 6:30,429
28/03/20 7:30,438
28/03/20 8:30,697
28/03/20 9:30,1700
28/03/20 10:30,3726
28/03/20 11:30,2680
28/03/20 12:30,2331
28/03/20 13:30,2231
28/03/20 14:30,1213
28/03/20 15:30,1947
28/03/20 16:30,1514
28/03/20 17:30,2064
28/03/20 18:30,2239
28/03/20 19:30,2308
28/03/20 20:30,1591
28/03/20 21:30,1832
28/03/20 22:30,1263
28/03/20 23:30,785
29/03/20 0:30,213
29/03/20 1:30,323
29/03/20 2:30,300
29/03/20 3:30,60
29/03/20 4:30,89
29/03/20 5:30,208
29/03/20 6:30,268
29/03/20 7:30,543
29/03/20 8:30,643
29/03/20 9:30,1692
29/03/20 10:30,2614
29/03/20 11:30,1985
29/03/20 12:30,2046
29/03/20 13:30,1970
29/03/20 14:30,2512
29/03/20 15:30,3332
29/03/20 16:30,1876
29/03/20 17:30,3074
29/03/20 18:30,3777
29/03/20 19:30,3264
29/03/20 20:30,1939
29/03/20 21:30,1929
29/03/20 22:30,1527
29/03/20 23:30,870
30/03/20 0:00,870
30/03/20 0:30,345
30/03/20 1:30,308
30/03/20 2:30,168
30/03/20 3:30,108
30/03/20 4:30,117
30/03/20 5:30,484
30/03/20 6:30,1169
30/03/20 7:30,3862
30/03/20 8:30,12665
30/03/20 9:30,22055
30/03/20 10:30,26388
30/03/20 11:30,30658
30/03/20 12:30,25011
30/03/20 13:30,18613
30/03/20 14:30,19403
30/03/20 15:30,19646
30/03/20 16:30,15926
30/03/20 17:30,17352
30/03/20 18:30,11527
30/03/20 19:30,9631
30/03/20 20:30,6416
30/03/20 21:30,5375
30/03/20 22:30,4036
30/03/20 23:30,3034
31/03/20 0:30,1349
31/03/20 1:30,377
31/03/20 2:30,250
31/03/20 3:30,146
31/03/20 4:30,158
31/03/20 5:30,550
31/03/20 6:30,1174
31/03/20 7:30,3727
31/03/20 8:30,10757
31/03/20 9:30,19057
31/03/20 10:30,24905
31/03/20 11:30,26510
31/03/20 12:30,17534
31/03/20 13:30,15032
31/03/20 14:30,15320
31/03/20 15:30,11586
31/03/20 16:30,10116
31/03/20 17:30,9204
31/03/20 18:30,13500
31/03/20 19:30,8242
31/03/20 20:30,6512
31/03/20 21:30,5784
31/03/20 22:30,2913
31/03/20 23:30,2265
01/04/20 0:30,1063
01/04/20 1:30,568
01/04/20 2:30,312
01/04/20 3:30,194
01/04/20 4:30,417
01/04/20 5:30,1144
01/04/20 6:30,1747
01/04/20 7:30,4125
01/04/20 8:30,11039
01/04/20 9:30,16242
01/04/20 10:30,23299
01/04/20 11:30,21166
01/04/20 12:30,18338
01/04/20 13:30,16011
01/04/20 14:30,16312
01/04/20 15:30,17052
01/04/20 16:30,14444
01/04/20 17:30,11891
01/04/20 18:30,9741
01/04/20 19:30,8192
01/04/20 20:30,6489
01/04/20 21:30,4422
01/04/20 22:30,3277
01/04/20 23:30,2403
02/04/20 0:30,1318
02/04/20 1:30,1135
02/04/20 2:30,565
02/04/20 3:30,637
02/04/20 4:30,597
02/04/20 5:30,935
02/04/20 6:30,1675
02/04/20 7:30,3642
02/04/20 8:30,8355
02/04/20 9:30,15906
02/04/20 10:30,23372
02/04/20 11:30,22681
02/04/20 12:30,20101
02/04/20 13:30,17137
02/04/20 14:30,16217
02/04/20 15:30,15765
02/04/20 16:30,13985
02/04/20 17:30,12782
02/04/20 18:30,10800
02/04/20 19:30,7957
02/04/20 20:30,5416
02/04/20 21:30,5584
02/04/20 22:30,3119
02/04/20 23:30,1971
03/04/20 0:30,923
03/04/20 1:30,768
03/04/20 2:30,414
03/04/20 3:30,516
03/04/20 4:30,283
03/04/20 5:30,1025
03/04/20 6:30,1654
03/04/20 7:30,3882
03/04/20 8:30,8992
03/04/20 9:30,18424
03/04/20 10:30,27996
03/04/20 11:30,25627
03/04/20 12:30,21416
03/04/20 13:30,21317
03/04/20 14:30,20564
03/04/20 15:30,17031
03/04/20 16:30,19044
03/04/20 17:30,34520
03/04/20 18:30,16643
03/04/20 19:30,11109
03/04/20 20:30,7732
03/04/20 21:30,5262
03/04/20 22:30,3363
03/04/20 23:30,1509
04/04/20 0:30,1141
04/04/20 1:30,692
04/04/20 2:30,344
04/04/20 3:30,155
04/04/20 4:30,280
04/04/20 5:30,450
04/04/20 6:30,661
04/04/20 7:30,550
04/04/20 8:30,948
04/04/20 9:30,2034
04/04/20 10:30,2457
04/04/20 11:30,2848
04/04/20 12:30,2418
04/04/20 13:30,1502
04/04/20 14:30,2127
04/04/20 15:30,2546
04/04/20 16:30,2302
04/04/20 17:30,1879
04/04/20 18:30,1844
04/04/20 19:30,2388
04/04/20 20:30,1507
04/04/20 21:30,1140
04/04/20 22:30,1002
04/04/20 23:30,443
05/04/20 0:30,393
05/04/20 1:30,356
05/04/20 2:30,56
05/04/20 3:30,153
05/04/20 4:30,60
05/04/20 5:30,252
05/04/20 6:30,409
05/04/20 7:30,446
05/04/20 8:30,854
05/04/20 9:30,1370
05/04/20 10:30,2076
05/04/20 11:30,1572
05/04/20 12:30,1404
05/04/20 13:30,1748
05/04/20 14:30,1874
05/04/20 15:30,2857
05/04/20 16:30,2096
05/04/20 17:30,2318
05/04/20 18:30,3093
05/04/20 19:30,2263
05/04/20 20:30,1484
05/04/20 21:30,1972
05/04/20 22:30,2611
05/04/20 23:30,1564
06/04/20 0:00,1564
06/04/20 0:30,687
06/04/20 1:30,413
06/04/20 2:30,186
06/04/20 3:30,150
06/04/20 4:30,200
06/04/20 5:30,1307
06/04/20 6:30,2574
06/04/20 7:30,7088
06/04/20 8:30,19513
06/04/20 9:30,43529
06/04/20 10:30,42640
06/04/20 11:30,39284
06/04/20 12:30,31054
06/04/20 13:30,24897
06/04/20 14:30,23735
06/04/20 15:30,21590
06/04/20 16:30,24749
06/04/20 17:30,22536
06/04/20 18:30,17715
06/04/20 19:30,13825
06/04/20 20:30,8337
06/04/20 21:30,5564
06/04/20 22:30,4607
06/04/20 23:30,2348
07/04/20 0:30,1776
07/04/20 1:30,822
07/04/20 2:30,911
07/04/20 3:30,524
07/04/20 4:30,452
07/04/20 5:30,683
07/04/20 6:30,1572
07/04/20 7:30,4119
07/04/20 8:30,11320
07/04/20 9:30,20380
07/04/20 10:30,25696
07/04/20 11:30,27885
07/04/20 12:30,23566
07/04/20 13:30,19874
07/04/20 14:30,24228
07/04/20 15:30,24212
07/04/20 16:30,36839
07/04/20 17:30,23690
07/04/20 18:30,15000
07/04/20 19:30,11422
07/04/20 20:30,7121
07/04/20 21:30,5779
07/04/20 22:30,3609
07/04/20 23:30,1962
08/04/20 0:30,1197
08/04/20 1:30,689
08/04/20 2:30,321
08/04/20 3:30,339
08/04/20 4:30,462
08/04/20 5:30,884
08/04/20 6:30,1588
08/04/20 7:30,3282
08/04/20 8:30,9702
08/04/20 9:30,17102
08/04/20 10:30,23967
08/04/20 11:30,24379
08/04/20 12:30,21027
08/04/20 13:30,18077
08/04/20 14:30,19638
08/04/20 15:30,16102
08/04/20 16:30,17086
08/04/20 17:30,13862
08/04/20 18:30,12298
08/04/20 19:30,9415
08/04/20 20:30,4994
08/04/20 21:30,4501
08/04/20 22:30,3363
08/04/20 23:30,2421
09/04/20 0:30,1203
09/04/20 1:30,841
09/04/20 2:30,762
09/04/20 3:30,388
09/04/20 4:30,267
09/04/20 5:30,655
09/04/20 6:30,1429
09/04/20 7:30,2784
09/04/20 8:30,7882
09/04/20 9:30,13688
09/04/20 10:30,20513
09/04/20 11:30,34689
09/04/20 12:30,26282
09/04/20 13:30,16120
09/04/20 14:30,14564
09/04/20 15:30,19536
09/04/20 16:30,19319
09/04/20 17:30,16546
09/04/20 18:30,13888
09/04/20 19:30,11405
09/04/20 20:30,6101
09/04/20 21:30,5095
09/04/20 22:30,2781
09/04/20 23:30,1877
10/04/20 0:30,1186
10/04/20 1:30,904
10/04/20 2:30,585
10/04/20 3:30,371
10/04/20 4:30,566
10/04/20 5:30,604
10/04/20 6:30,1348
10/04/20 7:30,3573
10/04/20 8:30,9534
10/04/20 9:30,18572
10/04/20 10:30,24206
10/04/20 11:30,25455
10/04/20 12:30,26366
10/04/20 13:30,28160
10/04/20 14:30,18207
10/04/20 15:30,19172
10/04/20 16:30,20564
10/04/20 17:30,18093
10/04/20 18:30,17418
10/04/20 19:30,14573
10/04/20 20:30,9479
10/04/20 21:30,6205
10/04/20 22:30,4262
10/04/20 23:30,1775
11/04/20 0:30,1277
11/04/20 1:30,1013
11/04/20 2:30,427
11/04/20 3:30,358
11/04/20 4:30,193
11/04/20 5:30,537
11/04/20 6:30,871
11/04/20 7:30,843
11/04/20 8:30,1491
11/04/20 9:30,2191
11/04/20 10:30,3006
11/04/20 11:30,3971
11/04/20 12:30,2512
11/04/20 13:30,2308
11/04/20 14:30,2454
11/04/20 15:30,1768
11/04/20 16:30,1968
11/04/20 17:30,1910
11/04/20 18:30,2461
11/04/20 19:30,2026
11/04/20 20:30,1868
11/04/20 21:30,1735
11/04/20 22:30,1169
11/04/20 23:30,1291
12/04/20 0:30,669
12/04/20 1:30,98
12/04/20 2:30,124
12/04/20 3:30,148
12/04/20 4:30,144
12/04/20 5:30,296
12/04/20 6:30,214
12/04/20 7:30,851
12/04/20 8:30,696
12/04/20 9:30,1400
12/04/20 10:30,2043
12/04/20 11:30,2962
12/04/20 12:30,2186
12/04/20 13:30,1408
12/04/20 14:30,1942
12/04/20 15:30,1573
12/04/20 16:30,2079
12/04/20 17:30,2152
12/04/20 18:30,3790
12/04/20 19:30,3041
12/04/20 20:30,2878
12/04/20 21:30,1663
12/04/20 22:30,1633
12/04/20 23:30,1651
13/04/20 0:00,1651
13/04/20 0:30,736
13/04/20 1:30,547
13/04/20 2:30,574
13/04/20 3:30,260
13/04/20 4:30,255
13/04/20 5:30,1038
13/04/20 6:30,1787
13/04/20 7:30,7542
13/04/20 8:30,18376
13/04/20 9:30,26717
13/04/20 10:30,25006
13/04/20 11:30,23703
13/04/20 12:30,26237
13/04/20 13:30,27790
13/04/20 14:30,22200
13/04/20 15:30,20543
13/04/20 16:30,20165
13/04/20 17:30,23458
13/04/20 18:30,18842
13/04/20 19:30,16251
13/04/20 20:30,11500
13/04/20 21:30,8584
13/04/20 22:30,5688
13/04/20 23:30,3167
14/04/20 0:30,1340
14/04/20 1:30,1076
14/04/20 2:30,773
14/04/20 3:30,393
14/04/20 4:30,957
14/04/20 5:30,1256
14/04/20 6:30,1964
14/04/20 7:30,4519
14/04/20 8:30,13505
14/04/20 9:30,24248
14/04/20 10:30,37889
14/04/20 11:30,46602
14/04/20 12:30,31719
14/04/20 13:30,35777
14/04/20 14:30,30495
14/04/20 15:30,27855
14/04/20 16:30,25514
14/04/20 17:30,17094
14/04/20 18:30,14003
14/04/20 19:30,12191
14/04/20 20:30,8856
14/04/20 21:30,5862
14/04/20 22:30,3771
14/04/20 23:30,2193
15/04/20 0:30,1660
15/04/20 1:30,1188
15/04/20 2:30,449
15/04/20 3:30,294
15/04/20 4:30,632
15/04/20 5:30,853
15/04/20 6:30,2062
15/04/20 7:30,3405
15/04/20 8:30,10317
15/04/20 9:30,22159
15/04/20 10:30,28458
15/04/20 11:30,34224
15/04/20 12:30,29846
15/04/20 13:30,25970
15/04/20 14:30,29167
15/04/20 15:30,32246
15/04/20 16:30,28092
15/04/20 17:30,21104
15/04/20 18:30,19362
15/04/20 19:30,13049
15/04/20 20:30,9898
15/04/20 21:30,5904
15/04/20 22:30,4271
15/04/20 23:30,1965
16/04/20 0:30,934
16/04/20 1:30,727
16/04/20 2:30,552
16/04/20 3:30,276
16/04/20 4:30,376
16/04/20 5:30,492
16/04/20 6:30,1056
16/04/20 7:30,4482
16/04/20 8:30,9827
16/04/20 9:30,20579
16/04/20 10:30,38324
16/04/20 11:30,41784
16/04/20 12:30,30283
16/04/20 13:30,25418
16/04/20 14:30,26499
16/04/20 15:30,26785
16/04/20 16:30,28928
16/04/20 17:30,19774
16/04/20 18:30,17164
16/04/20 19:30,14126
16/04/20 20:30,9462
16/04/20 21:30,5922
16/04/20 22:30,3334
16/04/20 23:30,2603
17/04/20 0:30,1129
17/04/20 1:30,809
17/04/20 2:30,511
17/04/20 3:30,217
17/04/20 4:30,215
17/04/20 5:30,826
17/04/20 6:30,1202
17/04/20 7:30,3681
17/04/20 8:30,10966
17/04/20 9:30,19829
17/04/20 10:30,43896
17/04/20 11:30,51008
17/04/20 12:30,39384
17/04/20 13:30,32206
17/04/20 14:30,30979
17/04/20 15:30,29397
17/04/20 16:30,26569
17/04/20 17:30,23207
17/04/20 18:30,19517
17/04/20 19:30,13272
17/04/20 20:30,10214
17/04/20 21:30,19979
17/04/20 22:30,11921
17/04/20 23:30,2263
18/04/20 0:30,851
18/04/20 1:30,652
18/04/20 2:30,214
18/04/20 3:30,206
18/04/20 4:30,362
18/04/20 5:30,524
18/04/20 6:30,652
18/04/20 7:30,1107
18/04/20 8:30,1279
18/04/20 9:30,2433
18/04/20 10:30,2994
18/04/20 11:30,4490
18/04/20 12:30,2123
18/04/20 13:30,2644
18/04/20 14:30,2688
18/04/20 15:30,3397
18/04/20 16:30,3140
18/04/20 17:30,1980
18/04/20 18:30,2543
18/04/20 19:30,2092
18/04/20 20:30,1976
18/04/20 21:30,1506
18/04/20 22:30,1654
18/04/20 23:30,681
19/04/20 0:30,723
19/04/20 1:30,202
19/04/20 2:30,100
19/04/20 3:30,103
19/04/20 4:30,59
19/04/20 5:30,198
19/04/20 6:30,528
19/04/20 7:30,905
19/04/20 8:30,1004
19/04/20 9:30,1259
19/04/20 10:30,1884
19/04/20 11:30,2508
19/04/20 12:30,1887
19/04/20 13:30,2274
19/04/20 14:30,1935
19/04/20 15:30,2174
19/04/20 16:30,3179
19/04/20 17:30,3743
19/04/20 18:30,3651
19/04/20 19:30,4102
19/04/20 20:30,2481
19/04/20 21:30,2820
19/04/20 22:30,2763
19/04/20 23:30,1997
20/04/20 0:00,1997
20/04/20 0:30,562
20/04/20 1:30,522
20/04/20 2:30,242
20/04/20 3:30,111
20/04/20 4:30,223
20/04/20 5:30,896
20/04/20 6:30,2009
20/04/20 7:30,7143
20/04/20 8:30,19005
20/04/20 9:30,29442
20/04/20 10:30,41655
20/04/20 11:30,42840
20/04/20 12:30,35076
20/04/20 13:30,26742
20/04/20 14:30,28704
20/04/20 15:30,31762
20/04/20 16:30,30774
20/04/20 17:30,21848
20/04/20 18:30,19244
20/04/20 19:30,15446
20/04/20 20:30,9785
20/04/20 21:30,7902
20/04/20 22:30,4451
20/04/20 23:30,3182
21/04/20 0:30,1982
21/04/20 1:30,782
21/04/20 2:30,303
21/04/20 3:30,239
21/04/20 4:30,364
21/04/20 5:30,1129
21/04/20 6:30,1552
21/04/20 7:30,4262
21/04/20 8:30,9975
21/04/20 9:30,21019
21/04/20 10:30,34057
21/04/20 11:30,31466
21/04/20 12:30,25929
21/04/20 13:30,24414
21/04/20 14:30,29857
21/04/20 15:30,27540
21/04/20 16:30,27359
21/04/20 17:30,22403
21/04/20 18:30,21501
21/04/20 19:30,16714
21/04/20 20:30,9770
21/04/20 21:30,8186
21/04/20 22:30,4576
21/04/20 23:30,2410
22/04/20 0:30,1209
22/04/20 1:30,1659
22/04/20 2:30,1048
22/04/20 3:30,1445
22/04/20 4:30,389
22/04/20 5:30,800
22/04/20 6:30,1425
22/04/20 7:30,3745
22/04/20 8:30,9997
22/04/20 9:30,21201
22/04/20 10:30,30342
22/04/20 11:30,36447
22/04/20 12:30,26911
22/04/20 13:30,25200
22/04/20 14:30,23914
22/04/20 15:30,23021
22/04/20 16:30,22539
22/04/20 17:30,20184
22/04/20 18:30,19035
22/04/20 19:30,14490
22/04/20 20:30,8760
22/04/20 21:30,7477
22/04/20 22:30,6031
22/04/20 23:30,3599
23/04/20 0:30,2527
23/04/20 1:30,902
23/04/20 2:30,384
23/04/20 3:30,256
23/04/20 4:30,242
23/04/20 5:30,704
23/04/20 6:30,1363
23/04/20 7:30,3156
23/04/20 8:30,8937
23/04/20 9:30,18816
23/04/20 10:30,23304
23/04/20 11:30,26077
23/04/20 12:30,22487
23/04/20 13:30,20974
23/04/20 14:30,23598
23/04/20 15:30,22785
23/04/20 16:30,21789
23/04/20 17:30,18639
23/04/20 18:30,16040
23/04/20 19:30,10592
23/04/20 20:30,8435
23/04/20 21:30,7964
23/04/20 22:30,3349
23/04/20 23:30,2318
24/04/20 0:30,1652
24/04/20 1:30,1186
24/04/20 2:30,303
24/04/20 3:30,450
24/04/20 4:30,486
24/04/20 5:30,1079
24/04/20 6:30,1178
24/04/20 7:30,3719
24/04/20 8:30,10252
24/04/20 9:30,20264
24/04/20 10:30,33422
24/04/20 11:30,35111
24/04/20 12:30,28343
24/04/20 13:30,25646
24/04/20 14:30,28347
24/04/20 15:30,27772
24/04/20 16:30,24276
24/04/20 17:30,21433
24/04/20 18:30,19789
24/04/20 19:30,13493
24/04/20 20:30,7981
24/04/20 21:30,6469
24/04/20 22:30,3631
24/04/20 23:30,3187
25/04/20 0:30,2500
25/04/20 1:30,1898
25/04/20 2:30,1335
25/04/20 3:30,248
25/04/20 4:30,210
25/04/20 5:30,291
25/04/20 6:30,591
25/04/20 7:30,642
25/04/20 8:30,1100
25/04/20 9:30,2215
25/04/20 10:30,3182
25/04/20 11:30,3815
25/04/20 12:30,3894
25/04/20 13:30,2905
25/04/20 14:30,2940
25/04/20 15:30,2776
25/04/20 16:30,1290
25/04/20 17:30,1478
25/04/20 18:30,2554
25/04/20 19:30,2815
25/04/20 20:30,2539
25/04/20 21:30,2335
25/04/20 22:30,1675
25/04/20 23:30,1740
26/04/20 0:30,1203
26/04/20 1:30,973
26/04/20 2:30,849
26/04/20 3:30,114
26/04/20 4:30,127
26/04/20 5:30,242
26/04/20 6:30,314
26/04/20 7:30,476
26/04/20 8:30,620
26/04/20 9:30,998
26/04/20 10:30,1702
26/04/20 11:30,2276
26/04/20 12:30,2181
26/04/20 13:30,2382
26/04/20 14:30,2697
26/04/20 15:30,3054
26/04/20 16:30,3275
26/04/20 17:30,2617
26/04/20 18:30,3277
26/04/20 19:30,2997
26/04/20 20:30,3185
26/04/20 21:30,3504
26/04/20 22:30,2480
26/04/20 23:30,1988
27/04/20 0:00,1988
27/04/20 0:30,980
27/04/20 1:30,227
27/04/20 2:30,225
27/04/20 3:30,218
27/04/20 4:30,379
27/04/20 5:30,475
27/04/20 6:30,1505
27/04/20 7:30,4726
27/04/20 8:30,14595
27/04/20 9:30,27457
27/04/20 10:30,32127
27/04/20 11:30,32776
27/04/20 12:30,28466
27/04/20 13:30,23527
27/04/20 14:30,23194
27/04/20 15:30,24326
27/04/20 16:30,26137
27/04/20 17:30,22113
27/04/20 18:30,19614
27/04/20 19:30,13085
27/04/20 20:30,9686
27/04/20 21:30,7102
27/04/20 22:30,5873
27/04/20 23:30,4857
28/04/20 0:30,3441
28/04/20 1:30,2596
28/04/20 2:30,2153
28/04/20 3:30,930
28/04/20 4:30,2386
28/04/20 5:30,3793
28/04/20 6:30,3765
28/04/20 7:30,5267
28/04/20 8:30,12011
28/04/20 9:30,11228
28/04/20 10:30,23754
28/04/20 11:30,39994
28/04/20 12:30,30240
28/04/20 13:30,23903
28/04/20 14:30,25719
28/04/20 15:30,22023
28/04/20 16:30,20776
28/04/20 17:30,16937
28/04/20 18:30,12088
28/04/20 19:30,10394
28/04/20 20:30,7969
28/04/20 21:30,8738
28/04/20 22:30,7083
28/04/20 23:30,5831
29/04/20 0:30,3163
29/04/20 1:30,2546
29/04/20 2:30,1749
29/04/20 3:30,477
29/04/20 4:30,362
29/04/20 5:30,484
29/04/20 6:30,896
29/04/20 7:30,3058
29/04/20 8:30,7998
29/04/20 9:30,18769
29/04/20 10:30,34983
29/04/20 11:30,24228
29/04/20 12:30,21972
29/04/20 13:30,20974
29/04/20 14:30,24370
29/04/20 15:30,24019
29/04/20 16:30,19333
29/04/20 17:30,13699
29/04/20 18:30,10905
29/04/20 19:30,7867
29/04/20 20:30,4590
29/04/20 21:30,3679
29/04/20 22:30,2423
29/04/20 23:30,1591
30/04/20 0:30,751
30/04/20 1:30,324
30/04/20 2:30,316
30/04/20 3:30,189
30/04/20 4:30,301
30/04/20 5:30,685
30/04/20 6:30,840
30/04/20 7:30,2154
30/04/20 8:30,3983
30/04/20 9:30,7883
30/04/20 10:30,8940
30/04/20 11:30,10085
30/04/20 12:30,7513
30/04/20 13:30,8356
30/04/20 14:30,8776
30/04/20 15:30,9336
30/04/20 16:30,8108
30/04/20 17:30,5957
30/04/20 18:30,6380
30/04/20 19:30,4686
30/04/20 20:30,3905
30/04/20 21:30,2951
30/04/20 22:30,2092
30/04/20 23:30,2310
01/05/20 0:30,1056
01/05/20 1:30,806
01/05/20 2:30,344
01/05/20 3:30,400
01/05/20 4:30,565
01/05/20 5:30,649
01/05/20 6:30,1500
01/05/20 7:30,1361
01/05/20 8:30,2302
01/05/20 9:30,3933
01/05/20 10:30,5355
01/05/20 11:30,7037
01/05/20 12:30,5230
01/05/20 13:30,4868
01/05/20 14:30,5012
01/05/20 15:30,4456
01/05/20 16:30,5216
01/05/20 17:30,4388
01/05/20 18:30,4737
01/05/20 19:30,3952
01/05/20 20:30,3377
01/05/20 21:30,2321
01/05/20 22:30,2417
01/05/20 23:30,1014
02/05/20 0:30,389
02/05/20 1:30,339
02/05/20 2:30,617
02/05/20 3:30,213
02/05/20 4:30,321
02/05/20 5:30,716
02/05/20 6:30,897
02/05/20 7:30,866
02/05/20 8:30,1518
02/05/20 9:30,2133
02/05/20 10:30,3250
02/05/20 11:30,2565
02/05/20 12:30,2798
02/05/20 13:30,2085
02/05/20 14:30,2250
02/05/20 15:30,1609
02/05/20 16:30,1703
02/05/20 17:30,1581
02/05/20 18:30,1814
02/05/20 19:30,1854
02/05/20 20:30,1729
02/05/20 21:30,1200
02/05/20 22:30,979
02/05/20 23:30,531
03/05/20 0:30,453
03/05/20 1:30,353
03/05/20 2:30,230
03/05/20 3:30,169
03/05/20 4:30,194
03/05/20 5:30,444
03/05/20 6:30,380
03/05/20 7:30,742
03/05/20 8:30,909
03/05/20 9:30,1515
03/05/20 10:30,1976
03/05/20 11:30,1780
03/05/20 12:30,1790
03/05/20 13:30,1723
03/05/20 14:30,2160
03/05/20 15:30,2306
03/05/20 16:30,2194
03/05/20 17:30,2157
03/05/20 18:30,3523
03/05/20 19:30,2903
03/05/20 20:30,2398
03/05/20 21:30,1880
03/05/20 22:30,2371
03/05/20 23:30,899
04/05/20 0:00,899
04/05/20 0:30,569
04/05/20 1:30,359
04/05/20 2:30,275
04/05/20 3:30,383
04/05/20 4:30,253
04/05/20 5:30,769
04/05/20 6:30,2752
04/05/20 7:30,6809
04/05/20 8:30,18968
04/05/20 9:30,33301
04/05/20 10:30,36349
04/05/20 11:30,37331
04/05/20 12:30,29960
04/05/20 13:30,30958
04/05/20 14:30,28448
04/05/20 15:30,24026
04/05/20 16:30,23584
04/05/20 17:30,19575
04/05/20 18:30,14817
04/05/20 19:30,13000
04/05/20 20:30,8597
04/05/20 21:30,6972
04/05/20 22:30,5231
04/05/20 23:30,3338
05/05/20 0:30,1845
05/05/20 1:30,1014
05/05/20 2:30,337
05/05/20 3:30,686
05/05/20 4:30,689
05/05/20 5:30,1607
05/05/20 6:30,2114
05/05/20 7:30,4343
05/05/20 8:30,12237
05/05/20 9:30,21507
05/05/20 10:30,27903
05/05/20 11:30,27699
05/05/20 12:30,22692
05/05/20 13:30,21560
05/05/20 14:30,20807
05/05/20 15:30,32281
05/05/20 16:30,23167
05/05/20 17:30,17287
05/05/20 18:30,14200
05/05/20 19:30,11024
05/05/20 20:30,9298
05/05/20 21:30,6830
05/05/20 22:30,5197
05/05/20 23:30,3803
06/05/20 0:30,2292
06/05/20 1:30,2123
06/05/20 2:30,1660
06/05/20 3:30,784
06/05/20 4:30,783
06/05/20 5:30,1196
06/05/20 6:30,2437
06/05/20 7:30,4668
06/05/20 8:30,11199
06/05/20 9:30,17593
06/05/20 10:30,26401
06/05/20 11:30,24944
06/05/20 12:30,18983
06/05/20 13:30,18283
06/05/20 14:30,19264
06/05/20 15:30,17868
06/05/20 16:30,15659
06/05/20 17:30,14198
06/05/20 18:30,12178
06/05/20 19:30,9634
06/05/20 20:30,7384
06/05/20 21:30,4751
06/05/20 22:30,3966
06/05/20 23:30,2281
07/05/20 0:30,1449
07/05/20 1:30,1019
07/05/20 2:30,764
07/05/20 3:30,624
07/05/20 4:30,636
07/05/20 5:30,735
07/05/20 6:30,1448
07/05/20 7:30,2804
07/05/20 8:30,8297
07/05/20 9:30,17362
07/05/20 10:30,23331
07/05/20 11:30,23644
07/05/20 12:30,32439
07/05/20 13:30,24427
07/05/20 14:30,19557
07/05/20 15:30,17684
07/05/20 16:30,15894
07/05/20 17:30,13989
07/05/20 18:30,13305
07/05/20 19:30,11422
07/05/20 20:30,7865
07/05/20 21:30,5822
07/05/20 22:30,3763
07/05/20 23:30,2064
08/05/20 0:30,1455
08/05/20 1:30,938
08/05/20 2:30,455
08/05/20 3:30,366
08/05/20 4:30,450
08/05/20 5:30,997
08/05/20 6:30,1795
08/05/20 7:30,4325
08/05/20 8:30,12011
08/05/20 9:30,20621
08/05/20 10:30,25855
08/05/20 11:30,34367
08/05/20 12:30,33937
08/05/20 13:30,33054
08/05/20 14:30,24089
08/05/20 15:30,20739
08/05/20 16:30,21059
08/05/20 17:30,11484
08/05/20 18:30,11418
08/05/20 19:30,13552
08/05/20 20:30,8317
08/05/20 21:30,5866
08/05/20 22:30,4960
08/05/20 23:30,2864
09/05/20 0:30,1284
09/05/20 1:30,951
09/05/20 2:30,425
09/05/20 3:30,551
09/05/20 4:30,614
09/05/20 5:30,500
09/05/20 6:30,780
09/05/20 7:30,981
09/05/20 8:30,1735
09/05/20 9:30,2539
09/05/20 10:30,2733
09/05/20 11:30,2818
09/05/20 12:30,2234
09/05/20 13:30,2242
09/05/20 14:30,2157
09/05/20 15:30,3176
09/05/20 16:30,2455
09/05/20 17:30,1809
09/05/20 18:30,2067
09/05/20 19:30,2920
09/05/20 20:30,1941
09/05/20 21:30,1637
09/05/20 22:30,1164
09/05/20 23:30,634
10/05/20 0:30,444
10/05/20 1:30,257
10/05/20 2:30,217
10/05/20 3:30,189
10/05/20 4:30,269
10/05/20 5:30,376
10/05/20 6:30,537
10/05/20 7:30,682
10/05/20 8:30,935
10/05/20 9:30,1533
10/05/20 10:30,2135
10/05/20 11:30,2618
10/05/20 12:30,2148
10/05/20 13:30,2524
10/05/20 14:30,1940
10/05/20 15:30,2219
10/05/20 16:30,2524
10/05/20 17:30,2834
10/05/20 18:30,3371
10/05/20 19:30,3596
10/05/20 20:30,3851
10/05/20 21:30,3075
10/05/20 22:30,2491
10/05/20 23:30,2614
11/05/20 0:00,2614
11/05/20 0:30,1729
11/05/20 1:30,510
11/05/20 2:30,313
11/05/20 3:30,155
11/05/20 4:30,364
11/05/20 5:30,1349
11/05/20 6:30,2629
11/05/20 7:30,7565
11/05/20 8:30,17564
11/05/20 9:30,29046
11/05/20 10:30,36527
11/05/20 11:30,29914
11/05/20 12:30,22122
11/05/20 13:30,19652
11/05/20 14:30,19424
11/05/20 15:30,18401
11/05/20 16:30,18932
11/05/20 17:30,15147
11/05/20 18:30,18951
11/05/20 19:30,13853
11/05/20 20:30,8070
11/05/20 21:30,6687
11/05/20 22:30,4184
11/05/20 23:30,2254
12/05/20 0:30,1233
12/05/20 1:30,1130
12/05/20 2:30,359
12/05/20 3:30,483
12/05/20 4:30,653
12/05/20 5:30,882
12/05/20 6:30,2047
12/05/20 7:30,3180
12/05/20 8:30,9458
12/05/20 9:30,17140
12/05/20 10:30,35484
12/05/20 11:30,38140
12/05/20 12:30,28472
12/05/20 13:30,23017
12/05/20 14:30,22915
12/05/20 15:30,22231
12/05/20 16:30,20168
12/05/20 17:30,17173
12/05/20 18:30,15095
12/05/20 19:30,9786
12/05/20 20:30,7701
12/05/20 21:30,6785
12/05/20 22:30,3913
12/05/20 23:30,2939
13/05/20 0:30,1471
13/05/20 1:30,707
13/05/20 2:30,612
13/05/20 3:30,284
13/05/20 4:30,556
13/05/20 5:30,1152
13/05/20 6:30,1815
13/05/20 7:30,4389
13/05/20 8:30,10102
13/05/20 9:30,22432
13/05/20 10:30,32761
13/05/20 11:30,32609
13/05/20 12:30,29944
13/05/20 13:30,25977
13/05/20 14:30,21491
13/05/20 15:30,20539
13/05/20 16:30,24503
13/05/20 17:30,17840
13/05/20 18:30,16713
13/05/20 19:30,11300
13/05/20 20:30,6393
13/05/20 21:30,3775
13/05/20 22:30,5005
13/05/20 23:30,3180
14/05/20 0:30,1031
14/05/20 1:30,872
14/05/20 2:30,641
14/05/20 3:30,347
14/05/20 4:30,263
14/05/20 5:30,1519
14/05/20 6:30,1343
14/05/20 7:30,4205
14/05/20 8:30,10365
14/05/20 9:30,17819
14/05/20 10:30,27298
14/05/20 11:30,28364
14/05/20 12:30,26193
14/05/20 13:30,22970
14/05/20 14:30,26516
14/05/20 15:30,21999
14/05/20 16:30,17851
14/05/20 17:30,14638
14/05/20 18:30,13746
14/05/20 19:30,11532
14/05/20 20:30,8966
14/05/20 21:30,5731
14/05/20 22:30,4105
14/05/20 23:30,2458
15/05/20 0:30,1364
15/05/20 1:30,848
15/05/20 2:30,762
15/05/20 3:30,412
15/05/20 4:30,515
15/05/20 5:30,784
15/05/20 6:30,1333
15/05/20 7:30,4054
15/05/20 8:30,9568
15/05/20 9:30,20164
15/05/20 10:30,29001
15/05/20 11:30,35623
15/05/20 12:30,28141
15/05/20 13:30,24684
15/05/20 14:30,25665
15/05/20 15:30,25510
15/05/20 16:30,22843
15/05/20 17:30,23644
15/05/20 18:30,17351
15/05/20 19:30,14966
15/05/20 20:30,8988
15/05/20 21:30,5354
15/05/20 22:30,4387
15/05/20 23:30,2414
16/05/20 0:30,1361
16/05/20 1:30,845
16/05/20 2:30,1066
16/05/20 3:30,263
16/05/20 4:30,342
16/05/20 5:30,381
16/05/20 6:30,596
16/05/20 7:30,778
16/05/20 8:30,904
16/05/20 9:30,1618
16/05/20 10:30,2142
16/05/20 11:30,2167
16/05/20 12:30,1377
16/05/20 13:30,2225
16/05/20 14:30,1689
16/05/20 15:30,1364
16/05/20 16:30,1146
16/05/20 17:30,1264
16/05/20 18:30,1549
16/05/20 19:30,1598
16/05/20 20:30,1157
16/05/20 21:30,887
16/05/20 22:30,1165
16/05/20 23:30,699
17/05/20 0:30,389
17/05/20 1:30,182
17/05/20 2:30,115
17/05/20 3:30,56
17/05/20 4:30,79
17/05/20 5:30,271
17/05/20 6:30,361
17/05/20 7:30,872
17/05/20 8:30,521
17/05/20 9:30,1003
17/05/20 10:30,1442
17/05/20 11:30,1334
17/05/20 12:30,632